,0,1,2,3,4
0,s,l,a,t,e
1,a,s,s,a,y
2,b,l,u,r,b
3,c,h,a,f,e
4,c,r,a,z,e
5,d,r,a,f,t
6,f,a,i,n,t
7,f,r,o,n,t
8,g,u,e,s,s
9,i,t,c,h,y
10,l,u,c,k,y
11,m,u,s,i,c
12,p,e,r,c,h
13,q,u,e,e,r
14,r,u,p,e,e
15,s,h,r,u,g
16,s,p,e,r,m
17,s,w,e,a,r
18,t,r,a,c,k
19,v,i,t,a,l
20,a,b,a,s,e
21,a,s,s,e,t
22,b,l,u,r,t
23,c,h,a,f,f
24,c,r,a,z,y
25,d,r,a,i,n
26,f,a,i,r,y
27,f,r,o,s,t
28,g,u,e,s,t
29,i,v,o,r,y
30,l,u,m,e,n
31,m,u,s,k,y
32,p,e,r,i,l
33,q,u,e,l,l
34,r,u,r,a,l
35,s,h,u,c,k
36,s,p,i,c,e
37,s,w,e,a,t
38,t,r,a,c,t
39,v,i,v,i,d
40,a,b,a,t,e
41,a,t,o,l,l
42,b,l,u,s,h
43,c,h,a,i,n
44,c,r,e,a,k
45,d,r,a,k,e
46,f,a,i,t,h
47,f,r,o,t,h
48,g,u,i,d,e
49,j,a,u,n,t
50,l,u,m,p,y
51,m,u,s,t,y
52,p,e,r,k,y
53,q,u,e,r,y
54,r,u,s,t,y
55,s,h,u,n,t
56,s,p,i,c,y
57,s,w,e,e,p
58,t,r,a,d,e
59,v,i,x,e,n
60,a,b,b,e,y
61,a,t,o,n,e
62,b,o,a,r,d
63,c,h,a,i,r
64,c,r,e,a,m
65,d,r,a,m,a
66,f,a,n,c,y
67,f,r,o,w,n
68,g,u,i,l,d
69,j,a,z,z,y
70,l,u,n,a,r
71,m,y,r,r,h
72,p,e,s,k,y
73,q,u,e,s,t
74,s,a,d,l,y
75,s,h,u,s,h
76,s,p,i,e,d
77,s,w,e,e,t
78,t,r,a,i,l
79,v,o,c,a,l
80,a,b,b,o,t
81,a,t,t,i,c
82,b,o,a,s,t
83,c,h,a,l,k
84,c,r,e,d,o
85,d,r,a,n,k
86,f,a,n,n,y
87,f,r,o,z,e
88,g,u,i,l,e
89,j,e,l,l,y
90,l,u,n,c,h
91,n,a,d,i,r
92,p,e,s,t,o
93,q,u,e,u,e
94,s,a,f,e,r
95,s,h,y,l,y
96,s,p,i,e,l
97,s,w,e,l,l
98,t,r,a,i,n
99,v,o,d,k,a
100,a,b,h,o,r
101,a,u,d,i,o
102,b,o,b,b,y
103,c,h,a,m,p
104,c,r,e,e,d
105,d,r,a,p,e
106,f,a,r,c,e
107,f,r,u,i,t
108,g,u,i,l,t
109,j,e,r,k,y
110,l,u,n,g,e
111,n,a,i,v,e
112,p,e,t,a,l
113,q,u,i,c,k
114,s,a,i,n,t
115,s,i,e,g,e
116,s,p,i,k,e
117,s,w,e,p,t
118,t,r,a,i,t
119,v,o,g,u,e
120,a,b,i,d,e
121,a,u,d,i,t
122,b,o,n,e,y
123,c,h,a,n,t
124,c,r,e,e,k
125,d,r,a,w,l
126,f,a,t,a,l
127,f,u,d,g,e
128,g,u,i,s,e
129,j,e,t,t,y
130,l,u,p,u,s
131,n,a,n,n,y
132,p,e,t,t,y
133,q,u,i,e,t
134,s,a,l,a,d
135,s,i,e,v,e
136,s,p,i,k,y
137,s,w,i,f,t
138,t,r,a,m,p
139,v,o,i,c,e
140,a,b,l,e,d
141,a,u,g,u,r
142,b,o,n,g,o
143,c,h,a,o,s
144,c,r,e,e,p
145,d,r,a,w,n
146,f,a,t,t,y
147,f,u,g,u,e
148,g,u,l,c,h
149,j,e,w,e,l
150,l,u,r,c,h
151,n,a,s,a,l
152,p,h,a,s,e
153,q,u,i,l,l
154,s,a,l,l,y
155,s,i,g,h,t
156,s,p,i,l,l
157,s,w,i,l,l
158,t,r,a,s,h
159,v,o,i,l,a
160,a,b,o,d,e
161,a,u,n,t,y
162,b,o,n,u,s
163,c,h,a,r,d
164,c,r,e,m,e
165,d,r,e,a,d
166,f,a,u,l,t
167,f,u,l,l,y
168,g,u,l,l,y
169,j,i,f,f,y
170,l,u,r,i,d
171,n,a,s,t,y
172,p,h,o,n,e
173,q,u,i,l,t
174,s,a,l,o,n
175,s,i,g,m,a
176,s,p,i,l,t
177,s,w,i,n,e
178,t,r,a,w,l
179,v,o,m,i,t
180,a,b,o,r,t
181,a,v,a,i,l
182,b,o,o,b,y
183,c,h,a,r,m
184,c,r,e,p,e
185,d,r,e,a,m
186,f,a,u,n,a
187,f,u,n,g,i
188,g,u,m,b,o
189,j,o,i,n,t
190,l,u,s,t,y
191,n,a,t,a,l
192,p,h,o,n,y
193,q,u,i,r,k
194,s,a,l,s,a
195,s,i,l,k,y
196,s,p,i,n,e
197,s,w,i,n,g
198,t,r,e,a,d
199,v,o,t,e,r
200,a,b,o,u,t
201,a,v,e,r,t
202,b,o,o,s,t
203,c,h,a,r,t
204,c,r,e,p,t
205,d,r,e,s,s
206,f,a,v,o,r
207,f,u,n,k,y
208,g,u,m,m,y
209,j,o,i,s,t
210,l,y,i,n,g
211,n,a,v,a,l
212,p,h,o,t,o
213,q,u,i,t,e
214,s,a,l,t,y
215,s,i,l,l,y
216,s,p,i,n,y
217,s,w,i,r,l
218,t,r,e,a,t
219,v,o,u,c,h
220,a,b,o,v,e
221,a,v,i,a,n
222,b,o,o,t,h
223,c,h,a,s,e
224,c,r,e,s,s
225,d,r,i,e,d
226,f,e,a,s,t
227,f,u,n,n,y
228,g,u,p,p,y
229,j,o,k,e,r
230,l,y,m,p,h
231,n,a,v,e,l
232,p,i,a,n,o
233,q,u,o,t,a
234,s,a,l,v,e
235,s,i,n,c,e
236,s,p,i,r,e
237,s,w,i,s,h
238,t,r,e,n,d
239,v,o,w,e,l
240,a,b,u,s,e
241,a,v,o,i,d
242,b,o,o,t,y
243,c,h,a,s,m
244,c,r,e,s,t
245,d,r,i,e,r
246,f,e,c,a,l
247,f,u,r,o,r
248,g,u,s,t,o
249,j,o,l,l,y
250,l,y,r,i,c
251,n,e,e,d,y
252,p,i,c,k,y
253,q,u,o,t,e
254,s,a,l,v,o
255,s,i,n,e,w
256,s,p,i,t,e
257,s,w,o,o,n
258,t,r,i,a,d
259,v,y,i,n,g
260,a,b,y,s,s
261,a,w,a,i,t
262,b,o,o,z,e
263,c,h,e,a,p
264,c,r,i,c,k
265,d,r,i,f,t
266,f,e,i,g,n
267,f,u,r,r,y
268,g,u,s,t,y
269,j,o,u,s,t
270,m,a,c,a,w
271,n,e,i,g,h
272,p,i,e,c,e
273,q,u,o,t,h
274,s,a,n,d,y
275,s,i,n,g,e
276,s,p,l,a,t
277,s,w,o,o,p
278,t,r,i,a,l
279,w,a,c,k,y
280,a,c,o,r,n
281,a,w,a,k,e
282,b,o,o,z,y
283,c,h,e,a,t
284,c,r,i,e,d
285,d,r,i,l,l
286,f,e,l,l,a
287,f,u,s,s,y
288,g,y,p,s,y
289,j,u,d,g,e
290,m,a,c,h,o
291,n,e,r,d,y
292,p,i,e,t,y
293,r,a,b,b,i
294,s,a,n,e,r
295,s,i,r,e,n
296,s,p,l,i,t
297,s,w,o,r,d
298,t,r,i,b,e
299,w,a,f,e,r
300,a,c,r,i,d
301,a,w,a,r,d
302,b,o,r,a,x
303,c,h,e,c,k
304,c,r,i,e,r
305,d,r,i,n,k
306,f,e,l,o,n
307,f,u,z,z,y
308,h,a,b,i,t
309,j,u,i,c,e
310,m,a,c,r,o
311,n,e,r,v,e
312,p,i,g,g,y
313,r,a,b,i,d
314,s,a,p,p,y
315,s,i,s,s,y
316,s,p,o,i,l
317,s,w,o,r,e
318,t,r,i,c,e
319,w,a,g,e,r
320,a,c,t,o,r
321,a,w,a,r,e
322,b,o,r,n,e
323,c,h,e,e,k
324,c,r,i,m,e
325,d,r,i,v,e
326,f,e,m,m,e
327,g,a,f,f,e
328,h,a,i,r,y
329,j,u,i,c,y
330,m,a,d,a,m
331,n,e,v,e,r
332,p,i,l,o,t
333,r,a,c,e,r
334,s,a,s,s,y
335,s,i,x,t,h
336,s,p,o,k,e
337,s,w,o,r,n
338,t,r,i,c,k
339,w,a,g,o,n
340,a,c,u,t,e
341,a,w,a,s,h
342,b,o,s,o,m
343,c,h,e,e,r
344,c,r,i,m,p
345,d,r,o,i,t
346,f,e,m,u,r
347,g,a,i,l,y
348,h,a,l,v,e
349,j,u,m,b,o
350,m,a,d,l,y
351,n,e,w,e,r
352,p,i,n,c,h
353,r,a,d,a,r
354,s,a,t,i,n
355,s,i,x,t,y
356,s,p,o,o,f
357,s,w,u,n,g
358,t,r,i,e,d
359,w,a,i,s,t
360,a,d,a,g,e
361,a,w,f,u,l
362,b,o,s,s,y
363,c,h,e,s,s
364,c,r,i,s,p
365,d,r,o,l,l
366,f,e,n,c,e
367,g,a,m,e,r
368,h,a,n,d,y
369,j,u,m,p,y
370,m,a,f,i,a
371,n,e,w,l,y
372,p,i,n,e,y
373,r,a,d,i,i
374,s,a,t,y,r
375,s,k,a,t,e
376,s,p,o,o,k
377,s,y,n,o,d
378,t,r,i,p,e
379,w,a,i,v,e
380,a,d,a,p,t
381,a,w,o,k,e
382,b,o,t,c,h
383,c,h,e,s,t
384,c,r,o,a,k
385,d,r,o,n,e
386,f,e,r,a,l
387,g,a,m,m,a
388,h,a,p,p,y
389,j,u,n,t,a
390,m,a,g,i,c
391,n,i,c,e,r
392,p,i,n,k,y
393,r,a,d,i,o
394,s,a,u,c,e
395,s,k,i,e,r
396,s,p,o,o,l
397,s,y,r,u,p
398,t,r,i,t,e
399,w,a,l,t,z
400,a,d,e,p,t
401,a,x,i,a,l
402,b,o,u,g,h
403,c,h,i,c,k
404,c,r,o,c,k
405,d,r,o,o,l
406,f,e,r,r,y
407,g,a,m,u,t
408,h,a,r,d,y
409,j,u,n,t,o
410,m,a,g,m,a
411,n,i,c,h,e
412,p,i,n,t,o
413,r,a,i,n,y
414,s,a,u,c,y
415,s,k,i,f,f
416,s,p,o,o,n
417,t,a,b,b,y
418,t,r,o,l,l
419,w,a,r,t,y
420,a,d,i,e,u
421,a,x,i,o,m
422,b,o,u,l,e
423,c,h,i,d,e
424,c,r,o,n,e
425,d,r,o,o,p
426,f,e,t,a,l
427,g,a,s,s,y
428,h,a,r,e,m
429,j,u,r,o,r
430,m,a,i,z,e
431,n,i,e,c,e
432,p,i,p,e,r
433,r,a,i,s,e
434,s,a,u,n,a
435,s,k,i,l,l
436,s,p,o,r,e
437,t,a,b,l,e
438,t,r,o,o,p
439,w,a,s,t,e
440,a,d,m,i,n
441,a,x,i,o,n
442,b,o,u,n,d
443,c,h,i,e,f
444,c,r,o,n,y
445,d,r,o,s,s
446,f,e,t,c,h
447,g,a,u,d,y
448,h,a,r,p,y
449,k,a,p,p,a
450,m,a,j,o,r
451,n,i,g,h,t
452,p,i,q,u,e
453,r,a,j,a,h
454,s,a,u,t,e
455,s,k,i,m,p
456,s,p,o,r,t
457,t,a,b,o,o
458,t,r,o,p,e
459,w,a,t,c,h
460,a,d,m,i,t
461,a,z,u,r,e
462,b,o,w,e,l
463,c,h,i,l,d
464,c,r,o,o,k
465,d,r,o,v,e
466,f,e,t,i,d
467,g,a,u,g,e
468,h,a,r,r,y
469,k,a,r,m,a
470,m,a,k,e,r
471,n,i,n,j,a
472,p,i,t,c,h
473,r,a,l,l,y
474,s,a,v,o,r
475,s,k,i,r,t
476,s,p,o,u,t
477,t,a,c,i,t
478,t,r,o,u,t
479,w,a,t,e,r
480,a,d,o,b,e
481,b,a,c,o,n
482,b,o,x,e,r
483,c,h,i,l,i
484,c,r,o,s,s
485,d,r,o,w,n
486,f,e,t,u,s
487,g,a,u,n,t
488,h,a,r,s,h
489,k,a,y,a,k
490,m,a,m,b,o
491,n,i,n,n,y
492,p,i,t,h,y
493,r,a,l,p,h
494,s,a,v,o,y
495,s,k,u,l,k
496,s,p,r,a,y
497,t,a,c,k,y
498,t,r,o,v,e
499,w,a,v,e,r
500,a,d,o,p,t
501,b,a,d,g,e
502,b,r,a,c,e
503,c,h,i,l,l
504,c,r,o,u,p
505,d,r,u,i,d
506,f,e,v,e,r
507,g,a,u,z,e
508,h,a,s,t,e
509,k,e,b,a,b
510,m,a,m,m,a
511,n,i,n,t,h
512,p,i,v,o,t
513,r,a,m,e,n
514,s,a,v,v,y
515,s,k,u,l,l
516,s,p,r,e,e
517,t,a,f,f,y
518,t,r,u,c,e
519,w,a,x,e,n
520,a,d,o,r,e
521,b,a,d,l,y
522,b,r,a,i,d
523,c,h,i,m,e
524,c,r,o,w,d
525,d,r,u,n,k
526,f,e,w,e,r
527,g,a,v,e,l
528,h,a,s,t,y
529,k,h,a,k,i
530,m,a,m,m,y
531,n,o,b,l,e
532,p,i,x,e,l
533,r,a,n,c,h
534,s,c,a,l,d
535,s,k,u,n,k
536,s,p,r,i,g
537,t,a,i,n,t
538,t,r,u,c,k
539,w,e,a,r,y
540,a,d,o,r,n
541,b,a,g,e,l
542,b,r,a,i,n
543,c,h,i,n,a
544,c,r,o,w,n
545,d,r,y,e,r
546,f,i,b,e,r
547,g,a,w,k,y
548,h,a,t,c,h
549,k,i,n,k,y
550,m,a,n,g,a
551,n,o,b,l,y
552,p,i,x,i,e
553,r,a,n,d,y
554,s,c,a,l,e
555,s,l,a,c,k
556,s,p,u,n,k
557,t,a,k,e,n
558,t,r,u,e,r
559,w,e,a,v,e
560,a,d,u,l,t
561,b,a,g,g,y
562,b,r,a,k,e
563,c,h,i,r,p
564,c,r,u,d,e
565,d,r,y,l,y
566,f,i,c,u,s
567,g,a,y,e,r
568,h,a,t,e,r
569,k,i,o,s,k
570,m,a,n,g,e
571,n,o,i,s,e
572,p,i,z,z,a
573,r,a,n,g,e
574,s,c,a,l,p
575,s,l,a,i,n
576,s,p,u,r,n
577,t,a,k,e,r
578,t,r,u,l,y
579,w,e,d,g,e
580,a,f,f,i,x
581,b,a,k,e,r
582,b,r,a,n,d
583,c,h,o,c,k
584,c,r,u,e,l
585,d,u,c,h,y
586,f,i,e,l,d
587,g,a,y,l,y
588,h,a,u,n,t
589,k,i,t,t,y
590,m,a,n,g,o
591,n,o,i,s,y
592,p,l,a,c,e
593,r,a,p,i,d
594,s,c,a,l,y
595,s,l,a,n,g
596,s,p,u,r,t
597,t,a,l,l,y
598,t,r,u,m,p
599,w,e,e,d,y
600,a,f,i,r,e
601,b,a,l,e,r
602,b,r,a,s,h
603,c,h,o,i,r
604,c,r,u,m,b
605,d,u,l,l,y
606,f,i,e,n,d
607,g,a,z,e,r
608,h,a,u,t,e
609,k,n,a,c,k
610,m,a,n,g,y
611,n,o,m,a,d
612,p,l,a,i,d
613,r,a,r,e,r
614,s,c,a,m,p
615,s,l,a,n,t
616,s,q,u,a,d
617,t,a,l,o,n
618,t,r,u,n,k
619,w,e,i,g,h
620,a,f,o,o,t
621,b,a,l,m,y
622,b,r,a,s,s
623,c,h,o,k,e
624,c,r,u,m,p
625,d,u,m,m,y
626,f,i,e,r,y
627,g,e,c,k,o
628,h,a,v,e,n
629,k,n,a,v,e
630,m,a,n,i,a
631,n,o,o,s,e
632,p,l,a,i,n
633,r,a,s,p,y
634,s,c,a,n,t
635,s,l,a,s,h
636,s,q,u,a,t
637,t,a,m,e,r
638,t,r,u,s,s
639,w,e,i,r,d
640,a,f,o,u,l
641,b,a,n,a,l
642,b,r,a,v,e
643,c,h,o,r,d
644,c,r,u,s,h
645,d,u,m,p,y
646,f,i,f,t,h
647,g,e,e,k,y
648,h,a,v,o,c
649,k,n,e,a,d
650,m,a,n,i,c
651,n,o,r,t,h
652,p,l,a,i,t
653,r,a,t,i,o
654,s,c,a,r,e
655,a,b,a,c,k
656,s,q,u,i,b
657,t,a,n,g,o
658,t,r,u,s,t
659,w,e,l,c,h
660,a,f,t,e,r
661,b,a,n,j,o
662,b,r,a,v,o
663,c,h,o,r,e
664,c,r,u,s,t
665,d,u,n,c,e
666,f,i,f,t,y
667,g,e,e,s,e
668,h,a,z,e,l
669,k,n,e,e,d
670,m,a,n,l,y
671,n,o,s,e,y
672,p,l,a,n,e
673,r,a,t,t,y
674,s,c,a,r,f
675,s,l,e,e,k
676,s,t,a,c,k
677,t,a,n,g,y
678,t,r,u,t,h
679,w,e,l,s,h
680,a,g,a,i,n
681,b,a,r,g,e
682,b,r,a,w,l
683,c,h,o,s,e
684,c,r,y,p,t
685,d,u,s,k,y
686,f,i,g,h,t
687,g,e,n,i,e
688,h,e,a,d,y
689,k,n,e,e,l
690,m,a,n,o,r
691,n,o,t,c,h
692,p,l,a,n,k
693,r,a,v,e,n
694,s,c,a,r,y
695,s,l,e,e,p
696,s,t,a,f,f
697,t,a,p,e,r
698,t,r,y,s,t
699,w,h,a,c,k
700,a,g,a,p,e
701,b,a,r,o,n
702,b,r,a,w,n
703,c,h,u,c,k
704,c,u,b,i,c
705,d,u,s,t,y
706,f,i,l,e,r
707,g,e,n,r,e
708,h,e,a,r,d
709,k,n,e,l,t
710,m,a,p,l,e
711,n,o,v,e,l
712,p,l,a,n,t
713,r,a,y,o,n
714,s,c,e,n,e
715,s,l,e,e,t
716,s,t,a,g,e
717,t,a,p,i,r
718,t,u,b,a,l
719,w,h,a,l,e
720,a,g,a,t,e
721,b,a,s,a,l
722,b,r,e,a,d
723,c,h,u,m,p
724,c,u,m,i,n
725,d,u,t,c,h
726,f,i,l,e,t
727,g,h,o,s,t
728,h,e,a,r,t
729,k,n,i,f,e
730,m,a,r,c,h
731,n,u,d,g,e
732,p,l,a,t,e
733,r,a,z,o,r
734,s,c,e,n,t
735,s,l,e,p,t
736,s,t,a,i,d
737,t,a,r,d,y
738,t,u,b,e,r
739,w,h,a,r,f
740,a,g,e,n,t
741,b,a,s,i,c
742,b,r,e,a,k
743,c,h,u,n,k
744,c,u,r,i,o
745,d,u,v,e,t
746,f,i,l,l,y
747,g,h,o,u,l
748,h,e,a,t,h
749,k,n,o,c,k
750,m,a,r,r,y
751,n,u,r,s,e
752,p,l,a,z,a
753,r,e,a,c,h
754,s,c,i,o,n
755,s,l,i,c,e
756,s,t,a,i,n
757,t,a,r,o,t
758,t,u,l,i,p
759,w,h,e,a,t
760,a,g,i,l,e
761,b,a,s,i,l
762,b,r,e,e,d
763,c,h,u,r,n
764,c,u,r,l,y
765,d,w,a,r,f
766,f,i,l,m,y
767,g,i,a,n,t
768,h,e,a,v,e
769,k,n,o,l,l
770,m,a,r,s,h
771,n,u,t,t,y
772,p,l,e,a,d
773,r,e,a,c,t
774,s,c,o,f,f
775,s,l,i,c,k
776,s,t,a,i,r
777,t,a,s,t,e
778,t,u,l,l,e
779,w,h,e,e,l
780,a,g,i,n,g
781,b,a,s,i,n
782,b,r,i,a,r
783,c,h,u,t,e
784,c,u,r,r,y
785,d,w,e,l,l
786,f,i,l,t,h
787,g,i,d,d,y
788,h,e,a,v,y
789,k,n,o,w,n
790,m,a,s,o,n
791,n,y,l,o,n
792,p,l,e,a,t
793,r,e,a,d,y
794,s,c,o,l,d
795,s,l,i,d,e
796,s,t,a,k,e
797,t,a,s,t,y
798,t,u,m,o,r
799,w,h,e,l,p
800,a,g,l,o,w
801,b,a,s,i,s
802,b,r,i,b,e
803,c,i,d,e,r
804,c,u,r,s,e
805,d,w,e,l,t
806,f,i,n,a,l
807,g,i,p,s,y
808,h,e,d,g,e
809,k,o,a,l,a
810,m,a,s,s,e
811,n,y,m,p,h
812,p,l,i,e,d
813,r,e,a,l,m
814,s,c,o,n,e
815,s,l,i,m,e
816,s,t,a,l,e
817,t,a,t,t,y
818,t,u,n,i,c
819,w,h,e,r,e
820,a,g,o,n,y
821,b,a,s,t,e
822,b,r,i,c,k
823,c,i,g,a,r
824,c,u,r,v,e
825,d,y,i,n,g
826,f,i,n,c,h
827,g,i,r,l,y
828,h,e,f,t,y
829,k,r,i,l,l
830,m,a,t,c,h
831,o,a,k,e,n
832,p,l,i,e,r
833,r,e,a,r,m
834,s,c,o,o,p
835,s,l,i,m,y
836,s,t,a,l,k
837,t,a,u,n,t
838,t,u,r,b,o
839,w,h,i,c,h
840,a,g,r,e,e
841,b,a,t,c,h
842,b,r,i,d,e
843,c,i,n,c,h
844,c,u,r,v,y
845,e,a,g,e,r
846,f,i,n,e,r
847,g,i,r,t,h
848,h,e,i,s,t
849,l,a,b,e,l
850,m,a,t,e,y
851,o,b,e,s,e
852,p,l,u,c,k
853,r,e,b,a,r
854,s,c,o,p,e
855,s,l,i,n,g
856,s,t,a,l,l
857,t,a,w,n,y
858,t,u,t,o,r
859,w,h,i,f,f
860,a,h,e,a,d
861,b,a,t,h,e
862,b,r,i,e,f
863,c,i,r,c,a
864,c,u,t,i,e
865,e,a,g,l,e
866,f,i,r,s,t
867,g,i,v,e,n
868,h,e,l,i,x
869,l,a,b,o,r
870,m,a,u,v,e
871,o,c,c,u,r
872,p,l,u,m,b
873,r,e,b,e,l
874,s,c,o,r,e
875,s,l,i,n,k
876,s,t,a,m,p
877,t,e,a,c,h
878,t,w,a,n,g
879,w,h,i,l,e
880,a,i,d,e,r
881,b,a,t,o,n
882,b,r,i,n,e
883,c,i,v,i,c
884,c,y,b,e,r
885,e,a,r,l,y
886,f,i,s,h,y
887,g,i,v,e,r
888,h,e,l,l,o
889,l,a,d,e,n
890,m,a,x,i,m
891,o,c,e,a,n
892,p,l,u,m,e
893,r,e,b,u,s
894,s,c,o,r,n
895,s,l,o,o,p
896,s,t,a,n,d
897,t,e,a,r,y
898,t,w,e,a,k
899,w,h,i,n,e
900,a,i,s,l,e
901,b,a,t,t,y
902,b,r,i,n,g
903,c,i,v,i,l
904,c,y,c,l,e
905,e,a,r,t,h
906,f,i,x,e,r
907,g,l,a,d,e
908,h,e,n,c,e
909,l,a,d,l,e
910,m,a,y,b,e
911,o,c,t,a,l
912,p,l,u,m,p
913,r,e,b,u,t
914,s,c,o,u,r
915,s,l,o,p,e
916,s,t,a,n,k
917,t,e,a,s,e
918,t,w,e,e,d
919,w,h,i,n,y
920,a,l,a,r,m
921,b,a,w,d,y
922,b,r,i,n,k
923,c,l,a,c,k
924,c,y,n,i,c
925,e,a,s,e,l
926,f,i,z,z,y
927,g,l,a,n,d
928,h,e,r,o,n
929,l,a,g,e,r
930,m,a,y,o,r
931,o,c,t,e,t
932,p,l,u,n,k
933,r,e,c,a,p
934,s,c,o,u,t
935,s,l,o,s,h
936,s,t,a,r,e
937,t,e,d,d,y
938,t,w,e,e,t
939,w,h,i,r,l
940,a,l,b,u,m
941,b,a,y,o,u
942,b,r,i,n,y
943,c,l,a,i,m
944,d,a,d,d,y
945,e,a,t,e,n
946,f,j,o,r,d
947,g,l,a,r,e
948,h,i,l,l,y
949,l,a,n,c,e
950,m,e,a,l,y
951,o,d,d,e,r
952,p,l,u,s,h
953,r,e,c,u,r
954,s,c,o,w,l
955,s,l,o,t,h
956,s,t,a,r,k
957,t,e,e,t,h
958,t,w,i,c,e
959,w,h,i,s,k
960,a,l,e,r,t
961,b,e,a,c,h
962,b,r,i,s,k
963,c,l,a,m,p
964,d,a,i,l,y
965,e,a,t,e,r
966,f,l,a,c,k
967,g,l,a,s,s
968,h,i,n,g,e
969,l,a,n,k,y
970,m,e,a,n,t
971,o,d,d,l,y
972,p,o,e,s,y
973,r,e,c,u,t
974,s,c,r,a,m
975,s,l,u,m,p
976,s,t,a,r,t
977,t,e,m,p,o
978,t,w,i,n,e
979,w,h,i,t,e
980,a,l,g,a,e
981,b,e,a,d,y
982,b,r,o,a,d
983,c,l,a,n,g
984,d,a,i,r,y
985,e,b,o,n,y
986,f,l,a,i,l
987,g,l,a,z,e
988,h,i,p,p,o
989,l,a,p,e,l
990,m,e,a,t,y
991,o,f,f,a,l
992,p,o,i,n,t
993,r,e,e,d,y
994,s,c,r,a,p
995,s,l,u,n,g
996,s,t,a,s,h
997,t,e,n,e,t
998,t,w,i,r,l
999,w,h,o,l,e
1000,a,l,i,b,i
1001,b,e,a,r,d
1002,b,r,o,i,l
1003,c,l,a,n,k
1004,d,a,i,s,y
1005,e,c,l,a,t
1006,f,l,a,i,r
1007,g,l,e,a,m
1008,h,i,p,p,y
1009,l,a,p,s,e
1010,m,e,c,c,a
1011,o,f,f,e,r
1012,p,o,i,s,e
1013,r,e,f,e,r
1014,s,c,r,e,e
1015,s,l,u,n,k
1016,s,t,a,t,e
1017,t,e,n,o,r
1018,t,w,i,s,t
1019,w,h,o,o,p
1020,a,l,i,e,n
1021,b,e,a,s,t
1022,b,r,o,k,e
1023,c,l,a,s,h
1024,d,a,l,l,y
1025,e,d,i,c,t
1026,f,l,a,k,e
1027,g,l,e,a,n
1028,h,i,t,c,h
1029,l,a,r,g,e
1030,m,e,d,a,l
1031,o,f,t,e,n
1032,p,o,k,e,r
1033,r,e,f,i,t
1034,s,c,r,e,w
1035,s,l,u,r,p
1036,s,t,a,v,e
1037,t,e,n,s,e
1038,t,w,i,x,t
1039,w,h,o,s,e
1040,a,l,i,g,n
1041,b,e,e,c,h
1042,b,r,o,o,d
1043,c,l,a,s,p
1044,d,a,n,c,e
1045,e,d,i,f,y
1046,f,l,a,k,y
1047,g,l,i,d,e
1048,h,o,a,r,d
1049,l,a,r,v,a
1050,m,e,d,i,a
1051,o,l,d,e,n
1052,p,o,l,a,r
1053,r,e,g,a,l
1054,s,c,r,u,b
1055,s,l,u,s,h
1056,s,t,e,a,d
1057,t,e,n,t,h
1058,t,y,i,n,g
1059,w,i,d,e,n
1060,a,l,i,k,e
1061,b,e,e,f,y
1062,b,r,o,o,k
1063,c,l,a,s,s
1064,d,a,n,d,y
1065,e,e,r,i,e
1066,f,l,a,m,e
1067,g,l,i,n,t
1068,h,o,b,b,y
1069,l,a,s,s,o
1070,m,e,d,i,c
1071,o,l,d,e,r
1072,p,o,l,k,a
1073,r,e,h,a,b
1074,s,c,r,u,m
1075,s,l,y,l,y
1076,s,t,e,a,k
1077,t,e,p,e,e
1078,u,d,d,e,r
1079,w,i,d,e,r
1080,a,l,i,v,e
1081,b,e,f,i,t
1082,b,r,o,o,m
1083,c,l,e,a,n
1084,d,a,t,u,m
1085,e,g,r,e,t
1086,f,l,a,n,k
1087,g,l,o,a,t
1088,h,o,i,s,t
1089,l,a,t,c,h
1090,m,e,l,e,e
1091,o,l,i,v,e
1092,p,o,l,y,p
1093,r,e,i,g,n
1094,s,c,u,b,a
1095,s,m,a,c,k
1096,s,t,e,a,l
1097,t,e,p,i,d
1098,u,l,c,e,r
1099,w,i,d,o,w
1100,a,l,l,a,y
1101,b,e,g,a,n
1102,b,r,o,t,h
1103,c,l,e,a,r
1104,d,a,u,n,t
1105,e,i,g,h,t
1106,f,l,a,r,e
1107,g,l,o,b,e
1108,h,o,l,l,y
1109,l,a,t,e,r
1110,m,e,l,o,n
1111,o,m,b,r,e
1112,p,o,o,c,h
1113,r,e,l,a,x
1114,s,e,d,a,n
1115,s,m,a,l,l
1116,s,t,e,a,m
1117,t,e,r,r,a
1118,u,l,t,r,a
1119,w,i,d,t,h
1120,a,l,l,e,y
1121,b,e,g,a,t
1122,b,r,o,w,n
1123,c,l,e,a,t
1124,d,e,a,l,t
1125,e,j,e,c,t
1126,f,l,a,s,h
1127,g,l,o,o,m
1128,h,o,m,e,r
1129,l,a,t,h,e
1130,m,e,n,d,s
1131,o,m,e,g,a
1132,p,o,p,p,y
1133,r,e,l,a,y
1134,s,e,e,d,y
1135,s,m,a,r,t
1136,s,t,e,e,d
1137,t,e,r,s,e
1138,u,m,b,r,a
1139,w,i,e,l,d
1140,a,l,l,o,t
1141,b,e,g,e,t
1142,b,r,u,n,t
1143,c,l,e,f,t
1144,d,e,a,t,h
1145,e,k,i,n,g
1146,f,l,a,s,k
1147,g,l,o,r,y
1148,h,o,n,e,y
1149,l,a,t,t,e
1150,m,e,r,c,y
1151,o,n,i,o,n
1152,p,o,r,c,h
1153,r,e,l,i,c
1154,s,e,g,u,e
1155,s,m,a,s,h
1156,s,t,e,e,l
1157,t,e,s,t,y
1158,u,n,c,l,e
1159,w,i,g,h,t
1160,a,l,l,o,w
1161,b,e,g,i,n
1162,b,r,u,s,h
1163,c,l,e,r,k
1164,d,e,b,a,r
1165,e,l,a,t,e
1166,f,l,e,c,k
1167,g,l,o,s,s
1168,h,o,n,o,r
1169,l,a,u,g,h
1170,m,e,r,g,e
1171,o,n,s,e,t
1172,p,o,s,e,r
1173,r,e,m,i,t
1174,s,e,i,z,e
1175,s,m,e,a,r
1176,s,t,e,e,p
1177,t,h,a,n,k
1178,u,n,c,u,t
1179,w,i,l,l,y
1180,a,l,l,o,y
1181,b,e,g,u,n
1182,b,r,u,t,e
1183,c,l,i,c,k
1184,d,e,b,i,t
1185,e,l,b,o,w
1186,f,l,e,e,t
1187,g,l,o,v,e
1188,h,o,r,d,e
1189,l,a,y,e,r
1190,m,e,r,i,t
1191,o,p,e,r,a
1192,p,o,s,i,t
1193,r,e,n,a,l
1194,s,e,m,e,n
1195,s,m,e,l,l
1196,s,t,e,e,r
1197,t,h,e,f,t
1198,u,n,d,e,r
1199,w,i,m,p,y
1200,a,l,o,f,t
1201,b,e,i,n,g
1202,b,u,d,d,y
1203,c,l,i,f,f
1204,d,e,b,u,g
1205,e,l,d,e,r
1206,f,l,e,s,h
1207,g,l,y,p,h
1208,h,o,r,n,y
1209,l,e,a,c,h
1210,m,e,r,r,y
1211,o,p,i,n,e
1212,p,o,s,s,e
1213,r,e,n,e,w
1214,s,e,n,s,e
1215,s,m,e,l,t
1216,s,t,e,i,n
1217,t,h,e,i,r
1218,u,n,d,i,d
1219,w,i,n,c,e
1220,a,l,o,n,e
1221,b,e,l,c,h
1222,b,u,d,g,e
1223,c,l,i,m,b
1224,d,e,b,u,t
1225,e,l,e,c,t
1226,f,l,i,c,k
1227,g,n,a,s,h
1228,h,o,r,s,e
1229,l,e,a,f,y
1230,m,e,t,a,l
1231,o,p,i,u,m
1232,p,o,u,c,h
1233,r,e,p,a,y
1234,s,e,p,i,a
1235,s,m,i,l,e
1236,s,t,e,r,n
1237,t,h,e,m,e
1238,u,n,d,u,e
1239,w,i,n,c,h
1240,a,l,o,n,g
1241,b,e,l,i,e
1242,b,u,g,g,y
1243,c,l,i,n,g
1244,d,e,c,a,l
1245,e,l,e,g,y
1246,f,l,i,e,r
1247,g,n,o,m,e
1248,h,o,t,e,l
1249,l,e,a,k,y
1250,m,e,t,e,r
1251,o,p,t,i,c
1252,p,o,u,n,d
1253,r,e,p,e,l
1254,s,e,r,i,f
1255,s,m,i,r,k
1256,s,t,i,c,k
1257,t,h,e,r,e
1258,u,n,f,e,d
1259,w,i,n,d,y
1260,a,l,o,o,f
1261,b,e,l,l,e
1262,b,u,g,l,e
1263,c,l,i,n,k
1264,d,e,c,a,y
1265,e,l,f,i,n
1266,f,l,i,n,g
1267,g,o,d,l,y
1268,h,o,t,l,y
1269,l,e,a,n,t
1270,m,e,t,r,o
1271,o,r,b,i,t
1272,p,o,u,t,y
1273,r,e,p,l,y
1274,s,e,r,u,m
1275,s,m,i,t,e
1276,s,t,i,f,f
1277,t,h,e,s,e
1278,u,n,f,i,t
1279,w,i,s,e,r
1280,a,l,o,u,d
1281,b,e,l,l,y
1282,b,u,i,l,d
1283,c,l,o,a,k
1284,d,e,c,o,r
1285,e,l,i,d,e
1286,f,l,i,n,t
1287,g,o,i,n,g
1288,h,o,u,n,d
1289,l,e,a,p,t
1290,m,i,c,r,o
1291,o,r,d,e,r
1292,p,o,w,e,r
1293,r,e,r,u,n
1294,s,e,r,v,e
1295,s,m,i,t,h
1296,s,t,i,l,l
1297,t,h,e,t,a
1298,u,n,i,f,y
1299,w,i,s,p,y
1300,a,l,p,h,a
1301,b,e,l,o,w
1302,b,u,i,l,t
1303,c,l,o,c,k
1304,d,e,c,o,y
1305,e,l,i,t,e
1306,f,l,i,r,t
1307,g,o,l,e,m
1308,h,o,u,s,e
1309,l,e,a,r,n
1310,m,i,d,g,e
1311,o,r,g,a,n
1312,p,r,a,n,k
1313,r,e,s,e,t
1314,s,e,t,u,p
1315,s,m,o,c,k
1316,s,t,i,l,t
1317,t,h,i,c,k
1318,u,n,i,o,n
1319,w,i,t,c,h
1320,a,l,t,a,r
1321,b,e,n,c,h
1322,b,u,l,g,e
1323,c,l,o,n,e
1324,d,e,c,r,y
1325,e,l,o,p,e
1326,f,l,o,a,t
1327,g,o,l,l,y
1328,h,o,v,e,l
1329,l,e,a,s,e
1330,m,i,d,s,t
1331,o,t,h,e,r
1332,p,r,a,w,n
1333,r,e,s,i,n
1334,s,e,v,e,n
1335,s,m,o,k,e
1336,s,t,i,n,g
1337,t,h,i,e,f
1338,u,n,i,t,e
1339,w,i,t,t,y
1340,a,l,t,e,r
1341,b,e,r,e,t
1342,b,u,l,k,y
1343,c,l,o,s,e
1344,d,e,f,e,r
1345,e,l,u,d,e
1346,f,l,o,c,k
1347,g,o,n,a,d
1348,h,o,v,e,r
1349,l,e,a,s,h
1350,m,i,g,h,t
1351,o,t,t,e,r
1352,p,r,e,e,n
1353,r,e,t,c,h
1354,s,e,v,e,r
1355,s,m,o,k,y
1356,s,t,i,n,k
1357,t,h,i,g,h
1358,u,n,i,t,y
1359,w,o,k,e,n
1360,a,m,a,s,s
1361,b,e,r,r,y
1362,b,u,l,l,y
1363,c,l,o,t,h
1364,d,e,i,g,n
1365,e,m,a,i,l
1366,f,l,o,o,d
1367,g,o,n,e,r
1368,h,o,w,d,y
1369,l,e,a,s,t
1370,m,i,l,k,y
1371,o,u,g,h,t
1372,p,r,e,s,s
1373,r,e,t,r,o
1374,s,e,w,e,r
1375,s,m,o,t,e
1376,s,t,i,n,t
1377,t,h,i,n,g
1378,u,n,l,i,t
1379,w,o,m,a,n
1380,a,m,a,z,e
1381,b,e,r,t,h
1382,b,u,n,c,h
1383,c,l,o,u,d
1384,d,e,i,t,y
1385,e,m,b,e,d
1386,f,l,o,o,r
1387,g,o,o,d,y
1388,h,u,m,a,n
1389,l,e,a,v,e
1390,m,i,m,i,c
1391,o,u,n,c,e
1392,p,r,i,c,e
1393,r,e,t,r,y
1394,s,h,a,c,k
1395,s,n,a,c,k
1396,s,t,o,c,k
1397,t,h,i,n,k
1398,u,n,m,e,t
1399,w,o,m,e,n
1400,a,m,b,e,r
1401,b,e,s,e,t
1402,b,u,n,n,y
1403,c,l,o,u,t
1404,d,e,l,a,y
1405,e,m,b,e,r
1406,f,l,o,r,a
1407,g,o,o,e,y
1408,h,u,m,i,d
1409,l,e,d,g,e
1410,m,i,n,c,e
1411,o,u,t,d,o
1412,p,r,i,c,k
1413,r,e,u,s,e
1414,s,h,a,d,e
1415,s,n,a,i,l
1416,s,t,o,i,c
1417,t,h,i,r,d
1418,u,n,s,e,t
1419,w,o,o,d,y
1420,a,m,b,l,e
1421,b,e,t,e,l
1422,b,u,r,l,y
1423,c,l,o,v,e
1424,d,e,l,t,a
1425,e,m,c,e,e
1426,f,l,o,s,s
1427,g,o,o,f,y
1428,h,u,m,o,r
1429,l,e,e,c,h
1430,m,i,n,e,r
1431,o,u,t,e,r
1432,p,r,i,d,e
1433,r,e,v,e,l
1434,s,h,a,d,y
1435,s,n,a,k,e
1436,s,t,o,k,e
1437,t,h,o,n,g
1438,u,n,t,i,e
1439,w,o,o,e,r
1440,a,m,e,n,d
1441,b,e,v,e,l
1442,b,u,r,n,t
1443,c,l,o,w,n
1444,d,e,l,v,e
1445,e,m,p,t,y
1446,f,l,o,u,r
1447,g,o,o,s,e
1448,h,u,m,p,h
1449,l,e,e,r,y
1450,m,i,n,i,m
1451,o,u,t,g,o
1452,p,r,i,e,d
1453,r,e,v,u,e
1454,s,h,a,f,t
1455,s,n,a,k,y
1456,s,t,o,l,e
1457,t,h,o,r,n
1458,u,n,t,i,l
1459,w,o,o,l,y
1460,a,m,i,s,s
1461,b,e,z,e,l
1462,b,u,r,s,t
1463,c,l,u,c,k
1464,d,e,m,o,n
1465,e,n,a,c,t
1466,f,l,o,u,t
1467,g,o,r,g,e
1468,h,u,m,u,s
1469,l,e,f,t,y
1470,m,i,n,o,r
1471,o,v,a,r,y
1472,p,r,i,m,e
1473,r,h,i,n,o
1474,s,h,a,k,e
1475,s,n,a,r,e
1476,s,t,o,m,p
1477,t,h,o,s,e
1478,u,n,w,e,d
1479,w,o,o,z,y
1480,a,m,i,t,y
1481,b,i,b,l,e
1482,b,u,s,e,d
1483,c,l,u,e,d
1484,d,e,m,u,r
1485,e,n,d,o,w
1486,f,l,o,w,n
1487,g,o,u,g,e
1488,h,u,n,c,h
1489,l,e,g,a,l
1490,m,i,n,t,y
1491,o,v,a,t,e
1492,p,r,i,m,o
1493,r,h,y,m,e
1494,s,h,a,k,y
1495,s,n,a,r,l
1496,s,t,o,n,e
1497,t,h,r,e,e
1498,u,n,z,i,p
1499,w,o,r,d,y
1500,a,m,o,n,g
1501,b,i,c,e,p
1502,b,u,s,h,y
1503,c,l,u,m,p
1504,d,e,n,i,m
1505,e,n,e,m,a
1506,f,l,u,f,f
1507,g,o,u,r,d
1508,h,u,n,k,y
1509,l,e,g,g,y
1510,m,i,n,u,s
1511,o,v,e,r,t
1512,p,r,i,n,t
1513,r,i,d,e,r
1514,s,h,a,l,e
1515,s,n,e,a,k
1516,s,t,o,n,y
1517,t,h,r,e,w
1518,u,p,p,e,r
1519,w,o,r,l,d
1520,a,m,p,l,e
1521,b,i,d,d,y
1522,b,u,t,c,h
1523,c,l,u,n,g
1524,d,e,n,s,e
1525,e,n,e,m,y
1526,f,l,u,i,d
1527,g,r,a,c,e
1528,h,u,r,r,y
1529,l,e,m,o,n
1530,m,i,r,t,h
1531,o,v,i,n,e
1532,p,r,i,o,r
1533,r,i,d,g,e
1534,s,h,a,l,l
1535,s,n,e,e,r
1536,s,t,o,o,d
1537,t,h,r,o,b
1538,u,p,s,e,t
1539,w,o,r,r,y
1540,a,m,p,l,y
1541,b,i,g,o,t
1542,b,u,t,t,e
1543,c,o,a,c,h
1544,d,e,p,o,t
1545,e,n,j,o,y
1546,f,l,u,k,e
1547,g,r,a,d,e
1548,h,u,s,k,y
1549,l,e,m,u,r
1550,m,i,s,e,r
1551,o,v,o,i,d
1552,p,r,i,s,m
1553,r,i,f,l,e
1554,s,h,a,l,t
1555,s,n,i,d,e
1556,s,t,o,o,l
1557,t,h,r,o,w
1558,u,r,b,a,n
1559,w,o,r,s,e
1560,a,m,u,s,e
1561,b,i,l,g,e
1562,b,u,x,o,m
1563,c,o,a,s,t
1564,d,e,p,t,h
1565,e,n,n,u,i
1566,f,l,u,m,e
1567,g,r,a,f,t
1568,h,u,s,s,y
1569,l,e,p,e,r
1570,m,i,s,s,y
1571,o,w,i,n,g
1572,p,r,i,v,y
1573,r,i,g,h,t
1574,s,h,a,m,e
1575,s,n,i,f,f
1576,s,t,o,o,p
1577,t,h,r,u,m
1578,u,r,i,n,e
1579,w,o,r,s,t
1580,a,n,g,e,l
1581,b,i,l,l,y
1582,b,u,y,e,r
1583,c,o,b,r,a
1584,d,e,r,b,y
1585,e,n,s,u,e
1586,f,l,u,n,g
1587,g,r,a,i,l
1588,h,u,t,c,h
1589,l,e,v,e,l
1590,m,o,c,h,a
1591,o,w,n,e,r
1592,p,r,i,z,e
1593,r,i,g,i,d
1594,s,h,a,n,k
1595,s,n,i,p,e
1596,s,t,o,r,e
1597,t,h,u,m,b
1598,u,s,a,g,e
1599,w,o,r,t,h
1600,a,n,g,e,r
1601,b,i,n,g,e
1602,b,y,l,a,w
1603,c,o,c,o,a
1604,d,e,t,e,r
1605,e,n,t,e,r
1606,f,l,u,n,k
1607,g,r,a,i,n
1608,h,y,d,r,o
1609,l,e,v,e,r
1610,m,o,d,a,l
1611,o,x,i,d,e
1612,p,r,o,b,e
1613,r,i,g,o,r
1614,s,h,a,p,e
1615,s,n,o,o,p
1616,s,t,o,r,k
1617,t,h,u,m,p
1618,u,s,h,e,r
1619,w,o,u,l,d
1620,a,n,g,l,e
1621,b,i,n,g,o
1622,c,a,b,a,l
1623,c,o,l,o,n
1624,d,e,t,o,x
1625,e,n,t,r,y
1626,f,l,u,s,h
1627,g,r,a,n,d
1628,h,y,e,n,a
1629,l,i,b,e,l
1630,m,o,d,e,l
1631,o,z,o,n,e
1632,p,r,o,n,e
1633,r,i,n,s,e
1634,s,h,a,r,d
1635,s,n,o,r,e
1636,s,t,o,r,m
1637,t,h,y,m,e
1638,u,s,i,n,g
1639,w,o,u,n,d
1640,a,n,g,r,y
1641,b,i,o,m,e
1642,c,a,b,b,y
1643,c,o,l,o,r
1644,d,e,u,c,e
1645,e,n,v,o,y
1646,f,l,u,t,e
1647,g,r,a,n,t
1648,h,y,m,e,n
1649,l,i,e,g,e
1650,m,o,d,e,m
1651,p,a,d,d,y
1652,p,r,o,n,g
1653,r,i,p,e,n
1654,s,h,a,r,e
1655,s,n,o,r,t
1656,s,t,o,r,y
1657,t,i,a,r,a
1658,u,s,u,a,l
1659,w,o,v,e,n
1660,a,n,g,s,t
1661,b,i,r,c,h
1662,c,a,b,i,n
1663,c,o,m,e,t
1664,d,e,v,i,l
1665,e,p,o,c,h
1666,f,l,y,e,r
1667,g,r,a,p,e
1668,h,y,p,e,r
1669,l,i,g,h,t
1670,m,o,g,u,l
1671,p,a,g,a,n
1672,p,r,o,o,f
1673,r,i,p,e,r
1674,s,h,a,r,k
1675,s,n,o,u,t
1676,s,t,o,u,t
1677,t,i,b,i,a
1678,u,s,u,r,p
1679,w,r,a,c,k
1680,a,n,i,m,e
1681,b,i,r,t,h
1682,c,a,b,l,e
1683,c,o,m,f,y
1684,d,i,a,r,y
1685,e,p,o,x,y
1686,f,o,a,m,y
1687,g,r,a,p,h
1688,i,c,i,l,y
1689,l,i,k,e,n
1690,m,o,i,s,t
1691,p,a,i,n,t
1692,p,r,o,s,e
1693,r,i,s,e,n
1694,s,h,a,r,p
1695,s,n,o,w,y
1696,s,t,o,v,e
1697,t,i,d,a,l
1698,u,t,i,l,e
1699,w,r,a,t,h
1700,a,n,k,l,e
1701,b,i,s,o,n
1702,c,a,c,a,o
1703,c,o,m,i,c
1704,d,i,c,e,y
1705,e,q,u,a,l
1706,f,o,c,a,l
1707,g,r,a,s,p
1708,i,c,i,n,g
1709,l,i,l,a,c
1710,m,o,l,a,r
1711,p,a,l,e,r
1712,p,r,o,u,d
1713,r,i,s,e,r
1714,s,h,a,v,e
1715,s,n,u,c,k
1716,s,t,r,a,p
1717,t,i,g,e,r
1718,u,t,t,e,r
1719,w,r,e,a,k
1720,a,n,n,e,x
1721,b,i,t,t,y
1722,c,a,c,h,e
1723,c,o,m,m,a
1724,d,i,g,i,t
1725,e,q,u,i,p
1726,f,o,c,u,s
1727,g,r,a,s,s
1728,i,d,e,a,l
1729,l,i,m,b,o
1730,m,o,l,d,y
1731,p,a,l,s,y
1732,p,r,o,v,e
1733,r,i,s,k,y
1734,s,h,a,w,l
1735,s,n,u,f,f
1736,s,t,r,a,w
1737,t,i,g,h,t
1738,v,a,g,u,e
1739,w,r,e,c,k
1740,a,n,n,o,y
1741,b,l,a,c,k
1742,c,a,c,t,i
1743,c,o,n,c,h
1744,d,i,l,l,y
1745,e,r,a,s,e
1746,f,o,g,g,y
1747,g,r,a,t,e
1748,i,d,i,o,m
1749,l,i,m,i,t
1750,m,o,n,e,y
1751,p,a,n,e,l
1752,p,r,o,w,l
1753,r,i,v,a,l
1754,s,h,e,a,r
1755,s,o,a,p,y
1756,s,t,r,a,y
1757,t,i,l,d,e
1758,v,a,l,e,t
1759,w,r,e,s,t
1760,a,n,n,u,l
1761,b,l,a,d,e
1762,c,a,d,d,y
1763,c,o,n,d,o
1764,d,i,m,l,y
1765,e,r,e,c,t
1766,f,o,i,s,t
1767,g,r,a,v,e
1768,i,d,i,o,t
1769,l,i,n,e,n
1770,m,o,n,t,h
1771,p,a,n,i,c
1772,p,r,o,x,y
1773,r,i,v,e,r
1774,s,h,e,e,n
1775,s,o,b,e,r
1776,s,t,r,i,p
1777,t,i,m,e,r
1778,v,a,l,i,d
1779,w,r,i,n,g
1780,a,n,o,d,e
1781,b,l,a,m,e
1782,c,a,d,e,t
1783,c,o,n,i,c
1784,d,i,n,e,r
1785,e,r,o,d,e
1786,f,o,l,i,o
1787,g,r,a,v,y
1788,i,d,l,e,r
1789,l,i,n,e,r
1790,m,o,o,d,y
1791,p,a,n,s,y
1792,p,r,u,d,e
1793,r,i,v,e,t
1794,s,h,e,e,p
1795,s,o,g,g,y
1796,s,t,r,u,t
1797,t,i,m,i,d
1798,v,a,l,o,r
1799,w,r,i,s,t
1800,a,n,t,i,c
1801,b,l,a,n,d
1802,c,a,g,e,y
1803,c,o,p,s,e
1804,d,i,n,g,o
1805,e,r,r,o,r
1806,f,o,l,l,y
1807,g,r,a,z,e
1808,i,d,y,l,l
1809,l,i,n,g,o
1810,m,o,o,s,e
1811,p,a,p,a,l
1812,p,r,u,n,e
1813,r,o,a,c,h
1814,s,h,e,e,r
1815,s,o,l,a,r
1816,s,t,u,c,k
1817,t,i,p,s,y
1818,v,a,l,u,e
1819,w,r,i,t,e
1820,a,n,v,i,l
1821,b,l,a,n,k
1822,c,a,i,r,n
1823,c,o,r,a,l
1824,d,i,n,g,y
1825,e,r,u,p,t
1826,f,o,r,a,y
1827,g,r,e,a,t
1828,i,g,l,o,o
1829,l,i,p,i,d
1830,m,o,r,a,l
1831,p,a,p,e,r
1832,p,s,a,l,m
1833,r,o,a,s,t
1834,s,h,e,e,t
1835,s,o,l,i,d
1836,s,t,u,d,y
1837,t,i,t,a,n
1838,v,a,l,v,e
1839,w,r,o,n,g
1840,a,o,r,t,a
1841,b,l,a,r,e
1842,c,a,m,e,l
1843,c,o,r,e,r
1844,d,i,o,d,e
1845,e,s,s,a,y
1846,f,o,r,c,e
1847,g,r,e,e,d
1848,i,l,i,a,c
1849,l,i,t,h,e
1850,m,o,r,o,n
1851,p,a,r,e,r
1852,p,u,b,i,c
1853,r,o,b,i,n
1854,s,h,e,i,k
1855,s,o,l,v,e
1856,s,t,u,f,f
1857,t,i,t,h,e
1858,v,a,p,i,d
1859,w,r,o,t,e
1860,a,p,a,r,t
1861,b,l,a,s,t
1862,c,a,m,e,o
1863,c,o,r,n,y
1864,d,i,r,g,e
1865,e,s,t,e,r
1866,f,o,r,g,e
1867,g,r,e,e,n
1868,i,m,a,g,e
1869,l,i,v,e,r
1870,m,o,r,p,h
1871,p,a,r,k,a
1872,p,u,d,g,y
1873,r,o,b,o,t
1874,s,h,e,l,f
1875,s,o,n,a,r
1876,s,t,u,m,p
1877,t,i,t,l,e
1878,v,a,p,o,r
1879,w,r,u,n,g
1880,a,p,h,i,d
1881,b,l,a,z,e
1882,c,a,n,a,l
1883,c,o,u,c,h
1884,d,i,r,t,y
1885,e,t,h,e,r
1886,f,o,r,g,o
1887,g,r,e,e,t
1888,i,m,b,u,e
1889,l,i,v,i,d
1890,m,o,s,s,y
1891,p,a,r,r,y
1892,p,u,f,f,y
1893,r,o,c,k,y
1894,s,h,e,l,l
1895,s,o,n,i,c
1896,s,t,u,n,g
1897,t,o,a,s,t
1898,v,a,u,l,t
1899,w,r,y,l,y
1900,a,p,i,n,g
1901,b,l,e,a,k
1902,c,a,n,d,y
1903,c,o,u,g,h
1904,d,i,s,c,o
1905,e,t,h,i,c
1906,f,o,r,t,e
1907,g,r,i,e,f
1908,i,m,p,e,l
1909,l,l,a,m,a
1910,m,o,t,e,l
1911,p,a,r,s,e
1912,p,u,l,p,y
1913,r,o,d,e,o
1914,s,h,i,e,d
1915,s,o,o,t,h
1916,s,t,u,n,k
1917,t,o,d,a,y
1918,v,a,u,n,t
1919,y,a,c,h,t
1920,a,p,n,e,a
1921,b,l,e,a,t
1922,c,a,n,n,y
1923,c,o,u,l,d
1924,d,i,t,c,h
1925,e,t,h,o,s
1926,f,o,r,t,h
1927,g,r,i,l,l
1928,i,m,p,l,y
1929,l,o,a,m,y
1930,m,o,t,i,f
1931,p,a,r,t,y
1932,p,u,l,s,e
1933,r,o,g,e,r
1934,s,h,i,f,t
1935,s,o,o,t,y
1936,s,t,u,n,t
1937,t,o,d,d,y
1938,v,e,g,a,n
1939,y,e,a,r,n
1940,a,p,p,l,e
1941,b,l,e,e,d
1942,c,a,n,o,e
1943,c,o,u,n,t
1944,d,i,t,t,o
1945,e,t,u,d,e
1946,f,o,r,t,y
1947,g,r,i,m,e
1948,i,n,a,n,e
1949,l,o,a,t,h
1950,m,o,t,o,r
1951,p,a,s,t,a
1952,p,u,n,c,h
1953,r,o,g,u,e
1954,s,h,i,n,e
1955,s,o,r,r,y
1956,s,t,y,l,e
1957,t,o,k,e,n
1958,v,e,n,o,m
1959,y,e,a,s,t
1960,a,p,p,l,y
1961,b,l,e,e,p
1962,c,a,n,o,n
1963,c,o,u,p,e
1964,d,i,t,t,y
1965,e,v,a,d,e
1966,f,o,r,u,m
1967,g,r,i,m,y
1968,i,n,b,o,x
1969,l,o,b,b,y
1970,m,o,t,t,o
1971,p,a,s,t,e
1972,p,u,p,i,l
1973,r,o,o,m,y
1974,s,h,i,n,y
1975,s,o,u,n,d
1976,s,u,a,v,e
1977,t,o,n,a,l
1978,v,e,n,u,e
1979,y,i,e,l,d
1980,a,p,r,o,n
1981,b,l,e,n,d
1982,c,a,p,e,r
1983,c,o,u,r,t
1984,d,i,v,e,r
1985,e,v,e,n,t
1986,f,o,u,n,d
1987,g,r,i,n,d
1988,i,n,c,u,r
1989,l,o,c,a,l
1990,m,o,u,l,t
1991,p,a,s,t,y
1992,p,u,p,p,y
1993,r,o,o,s,t
1994,s,h,i,r,e
1995,s,o,u,t,h
1996,s,u,g,a,r
1997,t,o,n,g,a
1998,v,e,r,g,e
1999,y,o,u,n,g
2000,a,p,t,l,y
2001,b,l,e,s,s
2002,c,a,p,u,t
2003,c,o,v,e,n
2004,d,i,z,z,y
2005,e,v,e,r,y
2006,f,o,y,e,r
2007,g,r,i,p,e
2008,i,n,d,e,x
2009,l,o,c,u,s
2010,m,o,u,n,d
2011,p,a,t,c,h
2012,p,u,r,e,e
2013,r,o,t,o,r
2014,s,h,i,r,k
2015,s,o,w,e,r
2016,s,u,i,n,g
2017,t,o,n,i,c
2018,v,e,r,s,e
2019,y,o,u,t,h
2020,a,r,b,o,r
2021,b,l,i,m,p
2022,c,a,r,a,t
2023,c,o,v,e,r
2024,d,o,d,g,e
2025,e,v,i,c,t
2026,f,r,a,i,l
2027,g,r,o,a,n
2028,i,n,e,p,t
2029,l,o,d,g,e
2030,m,o,u,n,t
2031,p,a,t,i,o
2032,p,u,r,e,r
2033,r,o,u,g,e
2034,s,h,i,r,t
2035,s,p,a,c,e
2036,s,u,i,t,e
2037,t,o,o,t,h
2038,v,e,r,s,o
2039,z,e,b,r,a
2040,a,r,d,o,r
2041,b,l,i,n,d
2042,c,a,r,g,o
2043,c,o,v,e,t
2044,d,o,d,g,y
2045,e,v,o,k,e
2046,f,r,a,m,e
2047,g,r,o,i,n
2048,i,n,e,r,t
2049,l,o,f,t,y
2050,m,o,u,r,n
2051,p,a,t,s,y
2052,p,u,r,g,e
2053,r,o,u,g,h
2054,s,h,o,a,l
2055,s,p,a,d,e
2056,s,u,l,k,y
2057,t,o,p,a,z
2058,v,e,r,v,e
2059,z,e,s,t,y
2060,a,r,e,n,a
2061,b,l,i,n,k
2062,c,a,r,o,l
2063,c,o,v,e,y
2064,d,o,g,m,a
2065,e,x,a,c,t
2066,f,r,a,n,k
2067,g,r,o,o,m
2068,i,n,f,e,r
2069,l,o,g,i,c
2070,m,o,u,s,e
2071,p,a,t,t,y
2072,p,u,r,s,e
2073,r,o,u,n,d
2074,s,h,o,c,k
2075,s,p,a,n,k
2076,s,u,l,l,y
2077,t,o,p,i,c
2078,v,i,c,a,r
2079,z,o,n,a,l
2080,a,r,g,u,e
2081,b,l,i,s,s
2082,c,a,r,r,y
2083,c,o,w,e,r
2084,d,o,i,n,g
2085,e,x,a,l,t
2086,f,r,a,u,d
2087,g,r,o,p,e
2088,i,n,g,o,t
2089,l,o,g,i,n
2090,m,o,u,t,h
2091,p,a,u,s,e
2092,p,u,s,h,y
2093,r,o,u,s,e
2094,s,h,o,n,e
2095,s,p,a,r,e
2096,s,u,m,a,c
2097,t,o,r,c,h
2098,v,i,d,e,o
2099,a,r,i,s,e
2100,b,l,i,t,z
2101,c,a,r,v,e
2102,c,o,y,l,y
2103,d,o,l,l,y
2104,e,x,c,e,l
2105,f,r,e,a,k
2106,g,r,o,s,s
2107,i,n,l,a,y
2108,l,o,o,p,y
2109,m,o,v,e,r
2110,p,a,y,e,e
2111,p,u,t,t,y
2112,r,o,u,t,e
2113,s,h,o,o,k
2114,s,p,a,r,k
2115,s,u,n,n,y
2116,t,o,r,s,o
2117,v,i,g,i,l
2118,a,r,m,o,r
2119,b,l,o,a,t
2120,c,a,s,t,e
2121,c,r,a,c,k
2122,d,o,n,o,r
2123,e,x,e,r,t
2124,f,r,e,e,d
2125,g,r,o,u,p
2126,i,n,l,e,t
2127,l,o,o,s,e
2128,m,o,v,i,e
2129,p,a,y,e,r
2130,p,y,g,m,y
2131,r,o,v,e,r
2132,s,h,o,o,t
2133,s,p,a,s,m
2134,s,u,p,e,r
2135,t,o,r,u,s
2136,v,i,g,o,r
2137,a,r,o,m,a
2138,b,l,o,c,k
2139,c,a,t,c,h
2140,c,r,a,f,t
2141,d,o,n,u,t
2142,e,x,i,l,e
2143,f,r,e,e,r
2144,g,r,o,u,t
2145,i,n,n,e,r
2146,l,o,r,r,y
2147,m,o,w,e,r
2148,p,e,a,c,e
2149,q,u,a,c,k
2150,r,o,w,d,y
2151,s,h,o,r,e
2152,s,p,a,w,n
2153,s,u,r,e,r
2154,t,o,t,a,l
2155,v,i,l,l,a
2156,a,r,o,s,e
2157,b,l,o,k,e
2158,c,a,t,e,r
2159,c,r,a,m,p
2160,d,o,p,e,y
2161,e,x,i,s,t
2162,f,r,e,s,h
2163,g,r,o,v,e
2164,i,n,p,u,t
2165,l,o,s,e,r
2166,m,u,c,k,y
2167,p,e,a,c,h
2168,q,u,a,i,l
2169,r,o,w,e,r
2170,s,h,o,r,n
2171,s,p,e,a,k
2172,s,u,r,g,e
2173,t,o,t,e,m
2174,v,i,n,y,l
2175,a,r,r,a,y
2176,b,l,o,n,d
2177,c,a,t,t,y
2178,c,r,a,n,e
2179,d,o,u,b,t
2180,e,x,p,e,l
2181,f,r,i,a,r
2182,g,r,o,w,l
2183,i,n,t,e,r
2184,l,o,u,s,e
2185,m,u,c,u,s
2186,p,e,a,r,l
2187,q,u,a,k,e
2188,r,o,y,a,l
2189,s,h,o,r,t
2190,s,p,e,a,r
2191,s,u,r,l,y
2192,t,o,u,c,h
2193,v,i,o,l,a
2194,a,r,r,o,w
2195,b,l,o,o,d
2196,c,a,u,l,k
2197,c,r,a,n,k
2198,d,o,u,g,h
2199,e,x,t,o,l
2200,f,r,i,e,d
2201,g,r,o,w,n
2202,i,n,t,r,o
2203,l,o,u,s,y
2204,m,u,d,d,y
2205,p,e,c,a,n
2206,q,u,a,l,m
2207,r,u,d,d,y
2208,s,h,o,u,t
2209,s,p,e,c,k
2210,s,u,s,h,i
2211,t,o,u,g,h
2212,v,i,p,e,r
2213,a,r,s,o,n
2214,b,l,o,o,m
2215,c,a,u,s,e
2216,c,r,a,s,h
2217,d,o,w,d,y
2218,e,x,t,r,a
2219,f,r,i,l,l
2220,g,r,u,e,l
2221,i,o,n,i,c
2222,l,o,v,e,r
2223,m,u,l,c,h
2224,p,e,d,a,l
2225,q,u,a,r,k
2226,r,u,d,e,r
2227,s,h,o,v,e
2228,s,p,e,e,d
2229,s,w,a,m,i
2230,t,o,w,e,l
2231,v,i,r,a,l
2232,a,r,t,s,y
2233,b,l,o,w,n
2234,c,a,v,i,l
2235,c,r,a,s,s
2236,d,o,w,e,l
2237,e,x,u,l,t
2238,f,r,i,s,k
2239,g,r,u,f,f
2240,i,r,a,t,e
2241,l,o,w,e,r
2242,m,u,m,m,y
2243,p,e,n,a,l
2244,q,u,a,r,t
2245,r,u,g,b,y
2246,s,h,o,w,n
2247,s,p,e,l,l
2248,s,w,a,m,p
2249,t,o,w,e,r
2250,v,i,r,u,s
2251,a,s,c,o,t
2252,b,l,u,e,r
2253,c,e,a,s,e
2254,c,r,a,t,e
2255,d,o,w,n,y
2256,e,y,i,n,g
2257,f,r,i,t,z
2258,g,r,u,n,t
2259,i,r,o,n,y
2260,l,o,w,l,y
2261,m,u,n,c,h
2262,p,e,n,c,e
2263,q,u,a,s,h
2264,r,u,l,e,r
2265,s,h,o,w,y
2266,s,p,e,l,t
2267,s,w,a,r,m
2268,t,o,x,i,c
2269,v,i,s,i,t
2270,a,s,h,e,n
2271,b,l,u,f,f
2272,c,e,d,a,r
2273,c,r,a,v,e
2274,d,o,w,r,y
2275,f,a,b,l,e
2276,f,r,o,c,k
2277,g,u,a,r,d
2278,i,s,l,e,t
2279,l,o,y,a,l
2280,m,u,r,a,l
2281,p,e,n,n,e
2282,q,u,a,s,i
2283,r,u,m,b,a
2284,s,h,r,e,w
2285,s,p,e,n,d
2286,s,w,a,s,h
2287,t,o,x,i,n
2288,v,i,s,o,r
2289,a,s,i,d,e
2290,b,l,u,n,t
2291,c,e,l,l,o
2292,c,r,a,w,l
2293,d,o,z,e,n
2294,f,a,c,e,t
2295,f,r,o,n,d
2296,g,u,a,v,a
2297,i,s,s,u,e
2298,l,u,c,i,d
2299,m,u,r,k,y
2300,p,e,n,n,y
2301,q,u,e,e,n
2302,r,u,m,o,r
2303,s,h,r,u,b
2304,s,p,e,n,t
2305,s,w,a,t,h
2306,t,r,a,c,e
2307,v,i,s,t,a
2308,a,s,k,e,w
2309,m,u,s,h,y